id,text,ppl
0,"The model predicts that this individual is unlikely to be rearrested within the next two years. In this case, the person’s very young age might typically raise concerns about recidivism, since younger individuals often face greater challenges in avoiding reoffending; however, this risk is powerfully offset because they have no prior criminal history, which signals a clean slate and suggests that their involvement with the justice system may be an isolated event rather than part of a pattern. Although the individual has previously recidivated, this is counterbalanced by the fact that they have spent far less time in jail than most, which can reduce the disruptive effects of incarceration and help maintain community ties that support desistance. Additionally, being identified as Black may introduce systemic factors that often correlate with higher risk assessments, but in this instance, the absence of prior offenses and limited jail time work together to outweigh such influences. Altogether, it is the rare combination of a first-time offender with minimal exposure to jail that ultimately drives the model’s confidence in a low risk of recidivism, despite other factors that might otherwise suggest caution.",10.23
1,"The model predicts that this individual is likely to be rearrested within the next two years. Although this person is not recorded as Black—a factor that often amplifies risk in the broader dataset due to systemic disparities—other elements in their history exert a stronger pull toward recidivism. Specifically, despite having no prior record of recidivism, their age places them squarely within a demographic that statistically faces heightened risk, as individuals in their early thirties often encounter persistent challenges in breaking cycles of reoffending. Furthermore, the very brief time spent in jail may have limited opportunities for rehabilitation or meaningful intervention, which, when combined with a higher-than-average number of prior offenses, creates a scenario where past patterns are likely to repeat. Consequently, even though some mitigating factors are present, the interplay of age, criminal history, and limited jail time ultimately drives the model’s expectation that this person will reoffend.",10.82
2,"The model predicts that this individual is likely to be rearrested within the next two years. Although this person has not previously recidivated, which would typically reduce the risk, the presence of two prior offenses still signals a pattern of criminal involvement that can set the stage for future encounters with the justice system. At 34 years old, an age where recidivism risk often remains elevated, the lack of any recent jail time may mean that the individual has not experienced the kind of disruption or intervention that sometimes interrupts cycles of reoffending. Furthermore, being identified as Black interacts with systemic factors in the criminal justice system that can amplify risk, even when other indicators might suggest a lower likelihood. Taken together, these circumstances—where the absence of prior recidivism and minimal jail time are outweighed by a history of prior offenses, age-related risk, and broader social dynamics—combine to drive the model’s prediction of recidivism for this case.",10.94
3,"The model predicts that this individual is unlikely to be rearrested within the next two years. This outcome is primarily driven by the unusually long period they have already spent in jail, which often disrupts criminal networks and routines, thereby reducing the immediate risk of reoffending upon release. Because this person has not previously recidivated, the absence of a repeated pattern of reoffending further dampens the likelihood of future arrests, even though their relatively young age might typically be associated with higher risk. Additionally, having committed only a small number of prior offenses, especially compared to others in similar circumstances, limits the momentum that often propels individuals back into the justice system. Taken together, these factors interact to create a scenario where the stabilizing effects of extended incarceration and a limited criminal history outweigh the risks that might otherwise arise from youth or other demographic factors, leading to the model’s confident prediction.",9.01
4,"The model predicts that this individual is unlikely to be rearrested within the next two years. Despite a history marked by a notably high number of prior offenses, which would typically heighten concern for future recidivism, this risk is tempered by the fact that the person has not recently spent any time in jail, suggesting a period of stability or compliance outside of incarceration. Furthermore, although the individual has previously recidivated, their current age places them beyond the years most associated with impulsive or repeat offending, which often decline as people mature. The model also considers the broader context, recognizing that while being identified as Black can sometimes reflect systemic disparities in risk assessments, in this case, it does not outweigh the stabilizing influences present. Altogether, the interplay between a challenging past and recent signs of stability and maturity leads the model to anticipate a lower likelihood of reoffending.",10.04
5,"The model predicts that this individual is likely to be rearrested within the next two years. Although being in their late thirties often signals a lower risk of reoffending, this protective effect is undermined because the person has not previously recidivated, which can sometimes indicate a lack of exposure to the criminal justice system’s deterrent effects. Furthermore, the absence of a record as Black, a factor that in some contexts can reflect systemic biases in risk assessment, does little to offset the risk in this case. While having committed fewer prior crimes than the average person assessed might be expected to reduce the likelihood of recidivism, this advantage is counterbalanced by the very short time spent in jail, which may have limited the opportunity for rehabilitation or reflection. Consequently, the interplay of these factors—where age and limited criminal history might have offered protection but are outweighed by minimal incarceration and other contextual nuances—drives the model’s conclusion that the risk of reoffending remains elevated for this individual.",11.32
6,"The model predicts that this individual is likely to be rearrested within the next two years. In this case, the person’s young age stands out, as younger individuals often face greater challenges in avoiding reoffending, partly because they may have had less time to establish stable routines or support systems that help deter criminal behavior. Although this person has only a single prior offense—much fewer than most others assessed—this limited history does little to counterbalance the heightened risk that comes with being at an early stage in adulthood, when impulsivity and peer influence can be especially strong. Complicating matters, the individual has previously recidivated, which signals a pattern that can be difficult to break, and this tendency is not fully offset by the very brief time spent in jail, as such short incarcerations may not provide enough intervention or rehabilitation to disrupt cycles of reoffending. Consequently, even though some factors might seem to mitigate risk, the interplay of youth, prior recidivism, and the context of limited but significant criminal history collectively drives the model’s expectation that this person will recidivate.",10.37
7,"The model predicts that this individual is likely to be rearrested within the next two years. Although their age is considerably higher than most people assessed for recidivism, which typically signals a lower risk due to declining criminal activity with age, this protective effect is undermined by other factors. Specifically, despite having no prior criminal record—a circumstance that would usually constrain the likelihood of reoffending—the brief time spent in jail may not have provided sufficient intervention or deterrence, thus failing to reinforce the benefits of a clean history. Furthermore, while this person does not belong to a demographic group that often faces systemic disadvantages in the justice system, and has not previously recidivated, these mitigating circumstances are ultimately outweighed by the interplay of age and limited exposure to the criminal justice process. As a result, the model synthesizes these conditions and concludes that, in this unusual combination of advanced age, lack of prior offenses, and minimal jail time, the risk of recidivism remains elevated.",12.34
8,"The model predicts that this individual is likely to be rearrested within the next two years. Although their age places them above the typical range for recidivism risk, which might ordinarily reduce concern, this protective effect is undermined because they have not previously recidivated, suggesting that their risk is not driven by a persistent pattern but rather by other factors. Specifically, while their history shows only a couple of prior offenses—fewer than most in similar circumstances—this advantage is counterbalanced by the brevity of their time spent in jail, which may have limited opportunities for rehabilitation or deterrence. Furthermore, the fact that they are not recorded as Black means they avoid certain systemic risk factors present in the broader dataset, yet this does not sufficiently offset the interplay between their limited incarceration and the absence of a prior recidivism record. Consequently, it is the combination of a relatively older age, a short jail stay, and a modest criminal history—interacting in a way that leaves underlying risks insufficiently mitigated—that ultimately drives the model’s prediction of recidivism for this case.",12.59
9,"The model predicts that this individual is likely to be rearrested within the next two years. Although their young age typically signals a higher risk of recidivism, this is counterbalanced by the fact that they have no prior criminal history, which usually acts as a strong protective factor against reoffending. However, despite never having been previously rearrested and not having spent any time in jail—both circumstances that often reduce the likelihood of returning to the justice system—the model still weighs the risks associated with youth heavily in this context. Furthermore, while demographic factors such as not being recorded as Black might slightly lower the predicted risk compared to some typical cases, these mitigating influences are ultimately outweighed by the statistical patterns the model has learned regarding age and recidivism. Consequently, it is the interplay between the individual’s youth and the absence of prior offenses or incarceration that shapes the model’s assessment, leading to a prediction of elevated recidivism risk despite several factors that would usually suggest otherwise.",9.22
10,"The model predicts that this individual is likely to be rearrested within the next two years. Although their record shows only a single prior offense—far fewer than is typical—this limited history does not fully shield them from risk, as the absence of previous recidivism suggests a pattern that has not yet been tested by repeated encounters with the justice system. Their age, slightly above the average, might ordinarily act as a stabilizing factor, since older individuals often face fewer pressures that drive reoffending; however, this potential benefit is counterbalanced by the fact that they have not spent any time in jail, which means they have not experienced the deterrent or rehabilitative effects that incarceration can sometimes provide. Furthermore, while demographic factors such as not being identified as Black may reduce exposure to certain systemic risks, these advantages are not sufficient to outweigh the cumulative impact of the other conditions present. Taken together, the interplay of a relatively clean record, lack of prior recidivism, and minimal exposure to jail time creates a situation where protective factors are present but ultimately do not overcome the underlying vulnerabilities, leading to the model’s prediction of recidivism.",9.95
11,"The model predicts that this individual is likely to be rearrested within the next two years. In this case, the relatively advanced age of 42, which typically signals a lower risk of reoffending compared to younger individuals, initially acts as a protective factor. However, this advantage is counterbalanced because, despite having only a single prior offense—much fewer than most in similar circumstances—the individual has already recidivated before, which strongly signals a pattern of returning to criminal behavior. Although their time spent in jail has been somewhat shorter than average, potentially indicating less severe or less frequent offenses, this mitigating factor is not enough to outweigh the established history of recidivism. Consequently, the interplay between a history of reoffending and the otherwise favorable profile leads the model to anticipate a continued risk of recidivism for this person.",10.6
12,"The model predicts that this individual is likely to be rearrested within the next two years. Although this person has not previously recidivated, which would typically reduce the risk, their notably young age sets them apart from most others assessed, as younger individuals often face greater challenges in avoiding reoffending due to limited life experience and support networks. The absence of any time spent in jail might seem protective, yet it can also mean they have not experienced the deterrent effects or rehabilitative programs that incarceration sometimes provides, leaving underlying issues unaddressed. Furthermore, while their record shows fewer prior crimes than average, this still signals a pattern of criminal involvement that, when combined with youth and lack of prior incarceration, can amplify the risk. Taken together, these factors interact in a way that outweighs the mitigating influence of a clean recidivism history, ultimately driving the model’s prediction toward a higher likelihood of reoffending.",9.58
13,"The model predicts that this individual is likely to be rearrested within the next two years. Although this person has no prior criminal offenses, which would typically signal a lower risk, the absence of any previous time spent in jail means they have not yet experienced the deterrent effect that incarceration can sometimes provide. Complicating matters, their relatively young age places them in a demographic where, historically, individuals are more prone to reoffend, as younger people often face greater challenges in resisting peer pressure and finding stable opportunities after release. While the fact that they have not recidivated before and are not recorded as Black might be expected to reduce risk—since prior recidivism and certain demographic factors often amplify concerns—these mitigating elements are ultimately outweighed by the interplay of inexperience with the justice system and the vulnerabilities associated with youth. Consequently, the combination of these circumstances leads the model to anticipate a heightened likelihood of recidivism for this particular case.",10.27
14,"The model predicts that this individual is unlikely to be rearrested within the next two years. This outcome emerges largely because an extended period spent in jail has likely provided both time for reflection and distance from previous criminal networks, which can disrupt cycles of reoffending. Although the person has a history of recidivism, this risk is tempered by the relatively low number of prior offenses compared to others in similar circumstances, suggesting that their criminal involvement has not been as entrenched. Furthermore, being in their mid-thirties places them at an age where impulsive or risky behaviors often begin to wane, and while demographic factors such as being identified as Black can sometimes intersect with systemic challenges, these do not outweigh the stabilizing effects of the other factors in this case. Altogether, the interplay of a lengthy incarceration, moderate criminal history, and maturing age collectively constrains the likelihood of future recidivism, leading to the model’s confident prediction.",10.98
15,"The model predicts that this individual is at risk of being rearrested within the next two years. Although they have no prior criminal offenses, which would typically signal a lower likelihood of recidivism, this protective factor is counterbalanced by the fact that they have not previously recidivated, placing them in a group where future risk can be harder to gauge and sometimes underestimated. Complicating matters, the individual is identified as Black, and in the context of the criminal justice system, this demographic factor can interact with systemic biases and historical patterns that may amplify perceived risk, even when other risk factors are absent. Their extremely brief time spent in jail—just a single month, far less than most—suggests limited exposure to rehabilitative programs or deterrent effects, which can leave underlying risk unaddressed. While the absence of a misdemeanor charge might ordinarily help reduce concern, the interplay of these factors ultimately converges to outweigh this benefit, leading the model to anticipate a higher chance of recidivism for this person.",12.16
16,"The model predicts that this individual is unlikely to be rearrested within the next two years. Although a long history of prior offenses might typically raise concern, in this case, that risk is powerfully offset by the individual’s advanced age, which often signals a natural decline in criminal activity as people grow older. This effect is further reinforced by the fact that the person has not previously recidivated, suggesting a pattern of desistance rather than repeated reoffending. While being identified as Black can sometimes intersect with systemic factors that influence risk assessments, here it does not outweigh the stabilizing impact of age and prior behavior. Moreover, the extremely brief recent jail stay hints at either a minor offense or a shift away from serious criminal involvement, and together, these factors converge to support the conclusion that the likelihood of recidivism is low for this individual.",11.81
17,"The model predicts that this individual is likely to be rearrested within the next two years. In this case, an unusually long period spent in jail stands out, which often signals deeper entrenchment in the criminal justice system and can disrupt social ties or employment prospects, making successful reintegration more difficult. Although the individual is older than most others assessed, which typically reduces risk because maturity and life stability tend to discourage reoffending, this protective effect is undermined by the extended incarceration. Furthermore, the absence of a prior felony charge and the fact that the person is not recorded as Black—both factors that, in many contexts, might lower risk—cannot fully counterbalance the destabilizing impact of such a lengthy jail stay. Consequently, despite some mitigating circumstances, the interplay of these factors leads the model to anticipate a heightened risk of recidivism for this particular case.",11.96
18,"The model predicts that this individual is unlikely to be rearrested within the next two years. This outcome is largely shaped by the unusually long period they have already spent in jail, which often disrupts criminal networks and routines, thereby reducing immediate opportunities for reoffending upon release. Although their young age typically signals a higher risk of recidivism—since younger individuals are statistically more prone to re-engage in criminal activity—this risk is tempered by the extended incarceration, which can act as a significant deterrent and disruptor. The fact that they have previously recidivated and are identified as Black, both factors that in many contexts might amplify risk due to systemic and historical patterns, are present but do not outweigh the mitigating effect of their prolonged jail time. Ultimately, while their history and demographic context could have pointed toward a higher risk, the combination of these factors—especially the exceptional length of incarceration—collectively steers the prediction toward a lower likelihood of recidivism in this specific case.",10.31
19,"The model predicts that this individual is likely to be rearrested within the next two years. Although their age is considerably higher than most people assessed for recidivism, which typically signals a lower risk due to the general decline in criminal behavior as people grow older, this protective effect is undermined by other factors. Specifically, despite having only a single prior offense and no previous record of recidivism—both of which would usually constrain the likelihood of reoffending—the model detects that these advantages are not enough to outweigh other dynamics at play. The brief time spent in jail, much shorter than what is common in similar cases, may have limited opportunities for rehabilitation or deterrence, and while the individual is not identified as Black (a factor that, in the context of systemic biases, sometimes amplifies risk assessments), this does not sufficiently offset the cumulative risk. Consequently, it is the interplay between a relatively low criminal history, advanced age, and minimal incarceration—factors that might typically reduce risk—that, when combined in this particular way, still lead the model to anticipate a return to the criminal justice system.",12.8
20,"The model predicts that this individual is likely to be rearrested within the next two years. Although their age is considerably higher than most people assessed for recidivism, which typically signals a lower risk due to declining criminal involvement with age, this protective effect is undermined by other factors. Specifically, despite having no prior criminal history and never having recidivated before—both of which would usually suggest a strong likelihood of staying out of trouble—the brief time spent in jail may not have provided enough intervention or deterrence to solidify lasting change. Furthermore, being identified as Black interacts with systemic factors that can amplify risk assessments, sometimes counteracting otherwise favorable personal circumstances. As a result, the combination of advanced age and a clean record is outweighed by the interplay of limited incarceration experience and broader contextual influences, ultimately tipping the balance toward a prediction of recidivism.",15.97
21,"The model predicts that this individual is unlikely to be rearrested within the next two years. Although a long history of prior offenses might typically raise concern, in this case, the advanced age of the individual acts as a powerful counterbalance, since people in their fifties are statistically much less likely to reoffend than those in their thirties or younger. This effect is further reinforced by the absence of any previous recidivism, which suggests a capacity to avoid falling back into criminal patterns even after earlier encounters with the justice system. While the current charge being a misdemeanor could indicate a lower level of risk, it does little to offset the weight of the extensive criminal history; however, the mitigating influence of age and prior non-recidivism ultimately prevails. Consequently, despite the presence of several risk factors, the combination of maturity and demonstrated restraint leads the model to anticipate a low likelihood of recidivism for this individual.",7.33
22,"The model predicts that this individual is unlikely to be rearrested within the next two years. This outcome emerges primarily because, despite being much younger than most people assessed, this person has committed only a single prior offense, which sharply limits the historical pattern of criminal behavior that often signals future risk. Although having previously recidivated and being identified as Black might, in other contexts, amplify concerns due to systemic patterns observed in the data, these factors are counterbalanced here by the notably brief time spent in jail—far less than is typical—which suggests a less entrenched involvement with the justice system. The interplay between a minimal criminal record and limited incarceration time works together to offset the risks that might otherwise be inferred from demographic and historical markers. Consequently, it is this unique combination of a sparse criminal history, short jail stay, and youth that collectively steers the prediction toward a lower likelihood of recidivism for this individual.",14.31
23,"The model predicts that this individual is unlikely to be rearrested within the next two years. Although their young age might typically heighten concern, this risk is substantially curbed because they have no prior criminal offenses, which often signals a lower propensity to reoffend compared to those with a history of repeated infractions. Furthermore, the absence of any previous jail time reinforces this impression, as individuals who have not experienced incarceration are generally less likely to fall into cycles of recidivism. While there is a record of past recidivism, this is counterbalanced by the clean slate in terms of prior crimes and jail exposure, suggesting that any previous setback has not translated into a persistent pattern. Taken together, these factors interact to paint a picture of someone whose limited criminal history and lack of incarceration experience collectively outweigh the risks associated with youth and past recidivism, leading to a favorable outlook.",10.1
24,"The model predicts that this individual is likely to be rearrested within the next two years. Although this person has no prior criminal record, which would typically reduce the risk of recidivism, this protective factor is counterbalanced by other circumstances. Specifically, the very brief time spent in jail may have limited opportunities for rehabilitation or deterrence, and the presence of a current misdemeanor charge, while less severe than a felony, still signals recent involvement with the justice system. Furthermore, the absence of a prior recidivism history and the fact that the individual is not recorded as Black—both factors that, in many cases, would be expected to lower risk—are not sufficient to outweigh the cumulative effect of recent criminal charges and minimal incarceration. As a result, the interplay of these conditions leads the model to anticipate a heightened likelihood of recidivism for this particular case.",9.06
25,"The model predicts that this individual is unlikely to be rearrested within the next two years. Although their relatively young age might typically heighten concerns about recidivism, this risk is tempered because, unlike many in similar situations, they have not been recorded as Black—a factor that, in the context of systemic disparities, often shapes outcomes in the justice system. Furthermore, while a history of prior offenses and a previous instance of recidivism might seem to amplify the likelihood of reoffending, these influences are counterbalanced by the fact that this person spent only a brief period in jail, which can sometimes signal less severe underlying issues or a greater opportunity for reintegration. The interplay between these factors—youth and criminal history pushing risk upward, but mitigated by demographic context and minimal jail time—creates a nuanced picture. As a result, the model synthesizes these threads and concludes that, for this individual, the overall risk of returning to the criminal justice system remains low.",12.17
26,"The model predicts that this individual is likely to be rearrested within the next two years. Although this person has no prior criminal offenses, which would typically reduce the risk of recidivism, their relatively young age tends to heighten concern, as younger individuals are statistically more prone to reoffend due to factors like limited life stability and higher impulsivity. This risk is further amplified by the fact that, despite not having recidivated before, the short time spent in jail may not have provided sufficient opportunity for rehabilitation or deterrence, potentially leaving underlying issues unaddressed. Additionally, while the individual is not recorded as Black—a factor that, in the context of systemic disparities, sometimes correlates with higher risk assessments—the absence of this attribute does little to offset the heightened risk associated with youth and limited criminal justice exposure. Taken together, the interplay of a clean record and demographic factors is ultimately outweighed by the vulnerabilities linked to age and brief incarceration, leading the model to anticipate a return to the criminal justice system.",9.8
27,"The model predicts that this individual is unlikely to be rearrested within the next two years. This outcome emerges primarily because, unlike most people assessed, this person has committed only a single prior offense, which sharply limits the baseline risk that typically accompanies a longer criminal history. Although there is a record of previous recidivism, this risk is counterbalanced by the relatively brief time spent in jail, suggesting that the individual has not faced extended periods of incarceration that might otherwise disrupt rehabilitation or community ties. Furthermore, being assessed at a younger age than most, and not belonging to a demographic group that often faces systemic disadvantages in the justice system, further constrains the likelihood of reoffending. Taken together, these factors interact to create a profile where the limited criminal past, shorter jail time, and contextual circumstances collectively drive the prediction toward a lower risk of recidivism.",12.09
28,"The model predicts that this individual is unlikely to be rearrested within the next two years. Although a history of multiple prior offenses might typically raise concerns about future risk, in this case, that pattern is counterbalanced by several mitigating factors. Because the person is relatively young and has previously recidivated, one might expect these elements to amplify the likelihood of reoffending; however, the absence of certain demographic risk markers, specifically not being recorded as Black in a context where systemic disparities often shape outcomes, helps to offset some of that risk. Furthermore, the fact that the current charge is a misdemeanor rather than a more serious offense signals a less severe present situation, which in turn tempers the impact of past behavior. Taken together, these interacting circumstances—where the weight of prior criminal history is softened by demographic context and the nature of the current charge—lead the model to anticipate a lower risk of recidivism for this individual.",10.19
29,"The model predicts that this individual is unlikely to be rearrested within the next two years. Despite a history marked by a notably high number of prior offenses, which would typically heighten concern for future recidivism, this risk is tempered because the person has not spent any time in jail recently, suggesting either a period of stability or successful avoidance of further legal trouble. Furthermore, although the individual has previously recidivated and is assessed as belonging to a demographic group that often faces systemic disadvantages in the justice system, these factors are counterbalanced by their relatively young age, which, while sometimes associated with impulsivity, may also indicate potential for change and rehabilitation. The absence of recent incarceration, in particular, acts as a strong signal that the cycle of reoffending may have been interrupted, especially when considered alongside the interplay of prior history and demographic context. Altogether, it is this unique combination of a challenging past, mitigated by recent stability and contextual factors, that leads the model to anticipate a lower risk of recidivism for this individual.",8.59
